link,headline,category,short_description,authors,date,text
https://www.huffpost.com/entry/covid-boosters-uptake-us_n_632d719ee4b087fae6feaac9,Over 4 Million Americans Roll Up Sleeves For Omicron-Targeted COVID Boosters,U.S. NEWS,Health experts said it is too early to predict whether demand would match up with the 171 million doses of the new boosters the U.S. ordered for the fall.,"Carla K. Johnson, AP",2022/9/23,Over 4 Million Americans Roll Up Sleeves For Omicron-Targeted COVID Boosters
https://www.huffpost.com/entry/american-airlines-passenger-banned-flight-attendant-punch-justice-department_n_632e25d3e4b0e247890329fe,"American Airlines Flyer Charged, Banned For Life After Punching Flight Attendant On Video",U.S. NEWS,"He was subdued by passengers and crew when he fled to the back of the aircraft after the confrontation, according to the U.S. attorney's office in Los Angeles.",Mary Papenfuss,2022/9/23,"American Airlines Flyer Charged, Banned For Life After Punching Flight Attendant On Video"
https://www.huffpost.com/entry/funniest-tweets-cats-dogs-september-17-23_n_632de332e4b0695c1d81dc02,23 Of The Funniest Tweets About Cats And Dogs This Week (Sept. 17-23),COMEDY,"""Until you have a dog you don't understand what could be eaten.""",Elyse Wanshel,2022/9/23,23 Of The Funniest Tweets About Cats And Dogs This Week (Sept. 17-23)
https://www.huffpost.com/entry/funniest-parenting-tweets_l_632d7d15e4b0d12b5403e479,The Funniest Tweets From Parents This Week (Sept. 17-23),PARENTING,"""Accidentally put grown-up toothpaste on my toddlers toothbrush and he screamed like I was cleaning his teeth with a Carolina Reaper dipped in Tabasco sauce.""",Caroline Bologna,2022/9/23,The Funniest Tweets From Parents This Week (Sept. 17-23)
https://www.huffpost.com/entry/amy-cooper-loses-discrimination-lawsuit-franklin-templeton_n_632c6463e4b09d8701bd227e,Woman Who Called Cops On Black Bird-Watcher Loses Lawsuit Against Ex-Employer,U.S. NEWS,Amy Cooper accused investment firm Franklin Templeton of unfairly firing her and branding her a racist after video of the Central Park encounter went viral.,Nina Golgowski,2022/9/22,Woman Who Called Cops On Black Bird-Watcher Loses Lawsuit Against Ex-Employer
https://www.huffpost.com/entry/belk-worker-found-dead-columbiana-centre-bathroom_n_632c5f8ce4b0572027b0251d,Cleaner Was Dead In Belk Bathroom For 4 Days Before Body Found: Police,U.S. NEWS,"The 63-year-old woman was seen working at the South Carolina store on Thursday. She was found dead Monday after her family reported her missing, authorities said.",,2022/9/22,Cleaner Was Dead In Belk Bathroom For 4 Days Before Body Found: Police
https://www.huffpost.com/entry/reporter-gets-adorable-surprise-from-her-boyfriend-while-working-live-on-tv_n_632ccf43e4b0572027b10d74,Reporter Gets Adorable Surprise From Her Boyfriend While Live On TV,U.S. NEWS,"""Who's that behind you?"" an anchor for New Yorks PIX11 asked journalist Michelle Ross as she finished up an interview.",Elyse Wanshel,2022/9/22,Reporter Gets Adorable Surprise From Her Boyfriend While Live On TV
https://www.huffpost.com/entry/puerto-rico-water-hurricane-fiona_n_632bdfd8e4b0d12b54014e13,Puerto Ricans Desperate For Water After Hurricane Fionas Rampage,WORLD NEWS,More than half a million people remained without water service three days after the storm lashed the U.S. territory.,"DNICA COTO, AP",2022/9/22,Puerto Ricans Desperate For Water After Hurricane Fionas Rampage
https://www.huffpost.com/entry/mija-documentary-immigration-isabel-castro-interview_n_632329aee4b000d98858dbda,How A New Documentary Captures The Complexity Of Being A Child Of Immigrants,CULTURE & ARTS,"In ""Mija,"" director Isabel Castro combined music documentaries with the style of ""Euphoria"" and ""Clueless"" to tell a more nuanced immigration story.",Marina Fang,2022/9/22,How A New Documentary Captures The Complexity Of Being A Child Of Immigrants
https://www.huffpost.com/entry/biden-un-russian-war-an-affront-to-bodys-charter_n_632ad9e3e4b0bfdf5e1bf5f7,Biden At UN To Call Russian War An Affront To Body's Charter,WORLD NEWS,White House officials say the crux of the president's visit to the U.N. this year will be a full-throated condemnation of Russia and its brutal war.,"Aamer Madhani, AP",2022/9/21,Biden At UN To Call Russian War An Affront To Body's Charter
https://www.huffpost.com/entry/bc-soc-wcup-captains-armbands_n_632b1c98e4b0913a3dd7554a,World Cup Captains Want To Wear Rainbow Armbands In Qatar,WORLD NEWS,FIFA has come under pressure from several European soccer federations who want to support a human rights campaign against discrimination at the World Cup.,"GRAHAM DUNBAR, AP",2022/9/21,World Cup Captains Want To Wear Rainbow Armbands In Qatar
https://www.huffpost.com/entry/man-sets-fire-protest-abe-funeral_n_632ae462e4b07198f0146afd,Man Sets Himself On Fire In Apparent Protest Of Funeral For Japan's Abe,WORLD NEWS,"The incident underscores a growing wave of protests against the funeral for Shinzo Abe, who was one of the most divisive leaders in postwar Japanese politics.","Mari Yamaguchi, AP",2022/9/21,Man Sets Himself On Fire In Apparent Protest Of Funeral For Japan's Abe
https://www.huffpost.com/entry/fiona-threatens-to-become-category-4-storm-headed-to-bermuda_n_632ad1cae4b07198f0143244,Fiona Threatens To Become Category 4 Storm Headed To Bermuda,WORLD NEWS,Hurricane Fiona lashed the Turks and Caicos Islands and was forecast to squeeze past Bermuda later this week.,"D_nica Coto, AP",2022/9/21,Fiona Threatens To Become Category 4 Storm Headed To Bermuda
https://www.huffpost.com/entry/twitch-streamers-threaten-strike-gambling_n_632a72bce4b0cd3ec2628b20,"Twitch Bans Gambling Sites After Streamer Scams Folks Out Of $200,000",TECH,One man's claims that he scammed people on the platform caused several popular streamers to consider a Twitch boycott.,Ben Blanchet,2022/9/21,"Twitch Bans Gambling Sites After Streamer Scams Folks Out Of $200,000"
https://www.huffpost.com/entry/hulu-reboot-should-you-watch-it_n_6324a099e4b0eac9f4e18b46,'Reboot' Is A Clever And Not Too Navel-Gazey Look Inside TV Reboots,CULTURE & ARTS,"Starring Keegan-Michael Key, Judy Greer and Johnny Knoxville, the Hulu show follows the revival of a fictional early 2000s sitcom.",Marina Fang and Candice Frederick,2022/9/20,'Reboot' Is A Clever And Not Too Navel-Gazey Look Inside TV Reboots
https://www.huffpost.com/entry/dodgers-baseball-obit-wills_n_6329feb3e4b07198f0134500,"Maury Wills, Base-Stealing Shortstop For Dodgers, Dies At 89",SPORTS,"Maury Wills, who helped the Los Angeles Dodgers win three World Series titles with his base-stealing prowess, has died.","Beth Harris, AP",2022/9/20,"Maury Wills, Base-Stealing Shortstop For Dodgers, Dies At 89"
https://www.huffpost.com/entry/golden-globes-return-nbc_n_6329f151e4b0ed991abda7f3,Golden Globes Returning To NBC In January After Year Off-Air,ENTERTAINMENT,"For the past 18 months, Hollywood has effectively boycotted the Globes after reports that the HFPAs 87 members of non-American journalists included no Black members.",,2022/9/20,Golden Globes Returning To NBC In January After Year Off-Air
https://www.huffpost.com/entry/biden-us-forces-defend-taiwan-against-china_n_6327ec68e4b0ed021dfe3695,Biden Says U.S. Forces Would Defend Taiwan If China Invaded,POLITICS,President issues vow as tensions with China rise.,,2022/9/19,Biden Says U.S. Forces Would Defend Taiwan If China Invaded
https://www.huffpost.com/entry/ukraine-festival_n_6327b4a0e4b082746beb52c7,Beautiful And Sad At The Same Time: Ukrainian Cultural Festival Takes On A Deeper Meaning This Year,POLITICS,An annual celebration took on a different feel as Russia's invasion dragged into Day 206.,Jonathan Nicholson,2022/9/19,Beautiful And Sad At The Same Time: Ukrainian Cultural Festival Takes On A Deeper Meaning This Year
https://www.huffpost.com/entry/2022-wnba-finals_n_6327f56fe4b0eac9f4e3144d,"Las Vegas Aces Win First WNBA Title, Chelsea Gray Named MVP",SPORTS,Las Vegas never had a professional sports champion  until Sunday.,"Pat Eaton-Robb, AP",2022/9/19,"Las Vegas Aces Win First WNBA Title, Chelsea Gray Named MVP"
https://www.huffpost.com/entry/james-cameron-fought-studio-avatar_n_63268723e4b046aa02400678,James Cameron Says He 'Clashed' With Studio Before 'Avatar' Release,ENTERTAINMENT,"The ""Avatar"" director said aspects of his 2009 movie are ""still competitive with everything thats out there these days.""",Ben Blanchet,2022/9/18,James Cameron Says He 'Clashed' With Studio Before 'Avatar' Release
https://www.huffpost.com/entry/french-spiderman-birthday-skyscraper-climb_n_6326a369e4b082746beadd58,'French Spider-Man' Celebrates 60th Birthday With A Massive Skyscraper Climb,WEIRD NEWS,"Alain Robert, known as the ""French Spider-Man,"" has climbed the Burj Khalifa and the Empire State Building.",Ben Blanchet,2022/9/18,'French Spider-Man' Celebrates 60th Birthday With A Massive Skyscraper Climb
https://www.huffpost.com/entry/europe-britain-royals-biden_n_63276eabe4b046aa02406a13,Biden Says Queen's Death Left 'Giant Hole' For Royal Family,POLITICS,"U.S. President Joe Biden, in London for the funeral of Queen Elizabeth II, says his heart went out to the royal family, adding the queens death left a giant hole..","Darlene Superville, AP",2022/9/18,Biden Says Queen's Death Left 'Giant Hole' For Royal Family
https://www.huffpost.com/entry/oil-gas-coal-reserves-database_n_6327a81ae4b0eac9f4e2fd23,First Public Global Database Of Fossil Fuels Launches,ENVIRONMENT,"On Monday, the worlds first public database of fossil fuel production, reserves and emissions launches.","Drew Costley, AP",2022/9/18,First Public Global Database Of Fossil Fuels Launches
https://www.huffpost.com/entry/bc-us-alaska-coastal-storm_n_6325f39fe4b0eac9f4e25cbc,Alaska Prepares For 'Historic-Level' Storm Barreling Towards Coast,ENVIRONMENT,"In 10 years, people will be referring to the September 2022 storm as a benchmark storm.","BECKY BOHRER, MARK THIESSEN and JOHN ANTCZAK, AP",2022/9/17,Alaska Prepares For 'Historic-Level' Storm Barreling Towards Coast
https://www.huffpost.com/entry/tropical-storm-fiona-puerto-rico_n_6325d372e4b0ed021dfd719c,Puerto Rico Braces For Landslides And Severe Flooding As Tropical Storm Fiona Approaches,ENVIRONMENT,Puerto Rico was under a hurricane watch Saturday as the storm barreled towards the U.S. territory.,"DNICA COTO, AP",2022/9/17,Puerto Rico Braces For Landslides And Severe Flooding As Tropical Storm Fiona Approaches
https://www.huffpost.com/entry/jackson-water-crisis-privatization_n_6324d6c2e4b0ed021dfd034f,Privatization Isnt The Answer To Jacksons Water Crisis,ENVIRONMENT,Studies have repeatedly shown that ending public administration of water supplies doesnt work  but thats now on the table in Mississippi.,Nathalie Baptiste,2022/9/17,Privatization Isnt The Answer To Jacksons Water Crisis
https://www.huffpost.com/entry/african-land-snails-trail-of-slime-germany_n_63220b38e4b082746be5de74,German Customs Officials Follow Trail Of Slime And Find Bags Of Giant Snails,WEIRD NEWS,"Never in the history of the Duesseldorf customs office has a trail of slime led us to smuggled goods, spokesman Michael Walk told the media.",,2022/9/16,German Customs Officials Follow Trail Of Slime And Find Bags Of Giant Snails
https://www.huffpost.com/entry/blade-runner-2099-series-announced_n_63247adfe4b027aa40656cc0,Amazon Greenlights 'Blade Runner 2099' Limited Series Produced By Ridley Scott,ENTERTAINMENT,The director of the original 1982 film joins a writer of the 2017 sequel for the newest installment in the sci-fi franchise.,Marco Margaritoff,2022/9/16,Amazon Greenlights 'Blade Runner 2099' Limited Series Produced By Ridley Scott
https://www.huffpost.com/entry/afghan-adjustment-act-congress_n_6324ad6ee4b027aa4065ebef,Bill To Help Afghans Who Escaped Taliban Faces Long Odds In The Senate,POLITICS,Republican outrage over the shoddy U.S. withdrawal from Afghanistan hasnt spurred support for resettling refugees.,Hamed Ahmadi and Arthur Delaney,2022/9/16,Bill To Help Afghans Who Escaped Taliban Faces Long Odds In The Senate
https://www.huffpost.com/entry/the-phantom-of-the-opera-to-close-on-broadway-next-year_n_6324ef40e4b082746bea3ce3,'The Phantom Of The Opera' To Close On Broadway Next Year,ENTERTAINMENT,"The Phantom of the Opera  Broadways longest-running show  is scheduled to close in February 2023, a victim of post-pandemic softening in theater attendance in New York.","Mark Kennedy, AP",2022/9/16,'The Phantom Of The Opera' To Close On Broadway Next Year
https://www.huffpost.com/entry/capitol-riot-investigation-mark-meadows_n_63235733e4b000d988594a5d,Mark Meadows Complies With Justice Dept. Subpoena: Report,POLITICS,"The former White House chief of staff has turned over records as part of a federal investigation into the Jan. 6, 2021 assault on the Capitol.","ERIC TUCKER, AP",2022/9/15,Mark Meadows Complies With Justice Dept. Subpoena: Report
https://www.huffpost.com/entry/alex-aster-lightlark-culture-shifters_n_630d2145e4b065bfc4b12692,"Meet Alex Aster, The TikToker Changing The Publishing Industry For The Better",CULTURE & ARTS,"The Colombian-American author's new book ""Lightlark"" was rejected numerous times  until she went directly to her readers for support.",Marilyn La Jeunesse,2022/9/15,"Meet Alex Aster, The TikToker Changing The Publishing Industry For The Better"
https://www.huffpost.com/entry/viola-davis-woman-king-heart-attack_n_6322f795e4b000d988585229,Viola Davis Feared A Heart Attack During 'The Woman King' Training,ENTERTAINMENT,The Oscar winner said she worked out for five hours a day for her role in the new action movie.,Marco Margaritoff,2022/9/15,Viola Davis Feared A Heart Attack During 'The Woman King' Training
https://www.huffpost.com/entry/bc-us-tiktok-misinformation_n_6321c9b0e4b027aa40614814,TikTok Search Results Riddled With Misinformation: Report,TECH,A U.S. firm that monitors false online claims reports that searches for information about prominent news topics on TikTok are likely to turn up results riddled with misinformation.,"DAVID KLEPPER, AP",2022/9/14,TikTok Search Results Riddled With Misinformation: Report
https://www.huffpost.com/entry/boston-marathon-nonbinary-runners_n_631fade4e4b046aa0237a055,Boston Marathon To Make Race More Inclusive For Nonbinary Runners,SPORTS,The race's organizers say nonbinary athletes won't have to register with the men's or women's divisions and provided qualifying times to guide their training.,Sanjana Karanth,2022/9/12,Boston Marathon To Make Race More Inclusive For Nonbinary Runners
https://www.huffpost.com/entry/anthony-varvaro-dead_n_631f6827e4b027aa405e1899,"Anthony Varvaro, MLB Pitcher Turned Transit Cop, Dies In Crash On Way To 9/11 Ceremony",SPORTS,Varvaro pitched mostly with the Atlanta Braves and started his law enforcement career in 2016.,,2022/9/12,"Anthony Varvaro, MLB Pitcher Turned Transit Cop, Dies In Crash On Way To 9/11 Ceremony"
https://www.huffpost.com/entry/ani-liu-art-science_n_631254cbe4b0aefceecba636,How Ani Liu Is Brilliantly Disguising Her Art As Science,CULTURE & ARTS,"The research-based artist has found dynamic ways to confront conversations about female empowerment, motherhood and labor in her artwork.",Xintian Wang,2022/9/12,How Ani Liu Is Brilliantly Disguising Her Art As Science
https://www.huffpost.com/entry/sidney-review-tiff-sidney-poitier_n_631b75f9e4b082746bdf840c,'Sidney' Tackles The Not-So-Comfortable Conversations About A Black Cinema Icon,CULTURE & ARTS,"Its not about sensationalizing or even tarnishing the reputation of Sidney Poitier. Rather, the new documentary honors his humanity  every facet of it.",Candice Frederick,2022/9/11,'Sidney' Tackles The Not-So-Comfortable Conversations About A Black Cinema Icon
https://www.huffpost.com/entry/carlos-alcaraz-us-open-grand-slam-win_n_631e7452e4b027aa405cf51b,"Carlos Alcaraz Wins U.S. Open For 1st Slam Title, Top Ranking",SPORTS,Carlos Alcaraz defeated Casper Ruud in the U.S. Open final to earn his first Grand Slam at age 19 and become the youngest man to move up to No. 1 in the rankings.,"HOWARD FENDRICH, AP",2022/9/11,"Carlos Alcaraz Wins U.S. Open For 1st Slam Title, Top Ranking"
https://www.huffpost.com/entry/bc-us-california-wildfires_n_631c9b62e4b000d988519ee3,Severe Winds Batter Southern California As Heat Wave Breaks,ENVIRONMENT,"After a 10-day heat wave that nearly overwhelmed the electrical grid, Southern California got cooler weather but also a ferocious tropical storm.","JULIE WATSON and JOHN ANTCZAK, AP",2022/9/10,Severe Winds Batter Southern California As Heat Wave Breaks
https://www.huffpost.com/entry/ap-us-los-angeles-schools-cyberattack_n_63184088e4b046aa022f1bd4,Cyberattack Prompts Los Angeles School District To Shut Down Its Computer Systems,EDUCATION,"Such attacks have become a growing threat to U.S. schools, with several high-profile incidents reported since last year.","Stefanie Dazio, Frank Bajak and Zeke Miller, AP",2022/9/7,Cyberattack Prompts Los Angeles School District To Shut Down Its Computer Systems
https://www.huffpost.com/entry/cloudflare-kiwi-farms_n_6315993ae4b0eac9f4ce0ba1,Citing Imminent Danger Cloudflare Drops Hate Site Kiwi Farms,TECH,Cloudflare CEO Matthew Prince had previously resisted calls to block the site.,"The Associated Press, AP",2022/9/5,Citing Imminent Danger Cloudflare Drops Hate Site Kiwi Farms
https://www.huffpost.com/entry/ap-us-jogger-abducted_n_6314aa89e4b0682ad3d1d6ed,Memphis Police: Arrest Made In Jogger's Disappearance,CRIME,Police in Tennessee say an arrest has been made in the disappearance of a woman who was abducted while jogging.,,2022/9/4,Memphis Police: Arrest Made In Jogger's Disappearance
https://www.huffpost.com/entry/fuel-leak-ruins-nasa-launch-moon-artemis_n_63137247e4b0eac9f4cd4aa2,Fuel Leak Ruins NASA's 2nd Shot At Launching New Moon Rocket,SCIENCE,"Part of the space agency's Artemis program, the rocket is the most powerful to date.","Marcia Dunn, AP",2022/9/3,Fuel Leak Ruins NASA's 2nd Shot At Launching New Moon Rocket
https://www.huffpost.com/entry/freeze-drying-breast-milk_l_630e3263e4b065bfc4b25a89,Should You Freeze-Dry Your Breast Milk?,PARENTING,"If your freezer is overflowing, or you're tired of carrying around ice packs and bottles of pumped milk, this option could be for you.",Marie Holmes,2022/9/1,Should You Freeze-Dry Your Breast Milk?
https://www.huffpost.com/entry/signs-of-teeth-grinding_l_6307b72ee4b0f7df9bb7e34f,6 Signs Youre Grinding Your Teeth At Night (And What To Do About It),WELLNESS,"Beyond toothaches, there are other common red flags that you're dealing with nighttime teeth grinding.",Jillian Wilson,2022/8/30,6 Signs Youre Grinding Your Teeth At Night (And What To Do About It)
https://www.huffpost.com/entry/nasa-artemis-moon-mission_n_630d7530e4b063d5e61e0179,'Safety Is Always First': NASA Reschedules Artemis Moon Mission To Saturday,SCIENCE,"Were going to play all nine innings here, the Artemis mission manager said after the first launch was scrubbed.",Nick Visser,2022/8/30,'Safety Is Always First': NASA Reschedules Artemis Moon Mission To Saturday
https://www.huffpost.com/entry/breastfeeding-depression-dysphoric-milk-ejection-reflex_l_6307a405e4b052615d78f20a,"This Breastfeeding Condition Makes Moms Feel Dread, Disgust And Despair",PARENTING,"Moms with dysphoric milk-ejection reflex (D-MER) feel an intense but brief wave of depression, anxiety or other negative emotion before letdown. And it's more common than you might think.",Kelsey Borresen,2022/8/30,"This Breastfeeding Condition Makes Moms Feel Dread, Disgust And Despair"
https://www.huffpost.com/entry/fisherman-prehistoric-fossil-nebraska-south-dakota_n_63098509e4b07744a2f73305,A Fisherman Thought He Caught A Rock. He Snagged A Prehistoric Treasure Instead.,WEIRD NEWS,The Nebraska man said he initially believed the underwater find was the skeleton of a catfish or deer.,Ben Blanchet,2022/8/27,A Fisherman Thought He Caught A Rock. He Snagged A Prehistoric Treasure Instead.
https://www.huffpost.com/entry/canberra-kangaroo-fight_n_6308360fe4b0da54bade11aa,FINISH HIM: Fighting Kangaroo Pulls Wild Move Right Out Of A Video Game,WEIRD NEWS,Two mad marsupials went at it in a Canberra nature reserve.,Ed Mazza,2022/8/26,FINISH HIM: Fighting Kangaroo Pulls Wild Move Right Out Of A Video Game
https://www.huffpost.com/entry/rei-workers-berkeley-store-union_n_6307a5f4e4b0f72c09ded80d,REI Workers At Berkeley Store Vote To Unionize In Another Win For Labor,BUSINESS,They follow in the footsteps of REI workers in New York City who formed a union earlier this year.,Dave Jamieson,2022/8/25,REI Workers At Berkeley Store Vote To Unionize In Another Win For Labor
https://www.huffpost.com/entry/united-states-minneapolis-teacher-layoff-policy_n_63027570e4b0f7df9bb15459,Minneapolis Teacher Contract Race Language Ignites Firestorm,EDUCATION,"When Minneapolis teachers settled a 14-day strike earlier this year, they celebrated a groundbreaking provision in their new contract that was meant to shield teachers of color from traditional seniority-based layoffs.","Steve Karnowski, AP",2022/8/21,Minneapolis Teacher Contract Race Language Ignites Firestorm
https://www.huffpost.com/entry/chest-pain-heart-signs-symptoms_l_6283e7aee4b003ed29678afa,How To Tell If Your Chest Pain Is A Heart Problem,WELLNESS,Concerned your chest pain might be heart-related? Look for these signs to know what you're dealing with  and whether you need reach out to your doctor ASAP.,Ashley Broadwater,2022/8/19,How To Tell If Your Chest Pain Is A Heart Problem
https://www.huffpost.com/entry/trump-org-cfo-to-plead-guilty-testify-against-company_n_62fd866ce4b0a85a8198706b,"Trump Org. CFO To Plead Guilty, Testify Against Company",CRIME,Allen Weisselberg is charged with taking more than $1.7 million in off-the-books compensation from the Trump Organization over several years.,"Michael R. Sisak, AP",2022/8/18,"Trump Org. CFO To Plead Guilty, Testify Against Company"
https://www.huffpost.com/entry/wisconsin-police-wild-turkey-chase_n_62f4951ee4b0288b61a18acc,Feathers Fly As Wild Turkey Dodges Cops In Slapstick Apartment Chase,WEIRD NEWS,One officer used a net in an attempt to nab the turkey as it shuffled around an apartment on Friday.,Ben Blanchet,2022/8/11,Feathers Fly As Wild Turkey Dodges Cops In Slapstick Apartment Chase
https://www.huffpost.com/entry/united-states-missing-girl-new-hampshire_n_62f55349e4b045e6f6abcc27,Officials: NH Missing Girl Case Shifts To Homicide Probe,CRIME,Authorities say the search for a New Hampshire girl who disappeared at age 5 in 2019 but was not reported missing until late last year is now considered a homicide investigation.,"Holly Ramer, AP",2022/8/11,Officials: NH Missing Girl Case Shifts To Homicide Probe
https://www.huffpost.com/entry/albuquerque-volkswagen-suspect-muslim-shootings_n_62f150bde4b0da5ec0f6c579,Albuquerque Police Share Photo Of Car Eyed In Slayings Of Muslim Men,CRIME,Authorities have said that all four of the killings have several things in common and that they are looking to see if any other crimes could be related.,Nina Golgowski,2022/8/8,Albuquerque Police Share Photo Of Car Eyed In Slayings Of Muslim Men
https://www.huffpost.com/entry/how-to-hide-tan-lines_l_62e7edc2e4b09d14dc450969,"How To Hide Even The Worst Tan Lines, According To Makeup Pros",STYLE & BEAUTY,"Quick solutions to fix your farmers tan, from body makeup to self tanner.",Julie Kendrick,2022/8/8,"How To Hide Even The Worst Tan Lines, According To Makeup Pros"
https://www.huffpost.com/entry/albuquerque-new-mexico-muslim-community-murders_n_62eed8a3e4b09d09a2c46755,Albuquerque Police Tell Muslim Community To Be 'Vigilant' Amid Series Of Murders,CRIME,"Police are searching for the shooter, or shooters, believed to be responsible for a string of murders around the New Mexico city.",Sara Boboltz,2022/8/6,Albuquerque Police Tell Muslim Community To Be 'Vigilant' Amid Series Of Murders
https://www.huffpost.com/entry/fertility-treatment-debt-ivf-cost_l_62e00b8ae4b000da24053610,Fertility Treatment Puts Many Families In Debt. Here's How To Manage It.,WELLNESS,Experts share their advice for easing the financial burden of IVF and other costly procedures.,Caroline Bologna,2022/8/5,Fertility Treatment Puts Many Families In Debt. Here's How To Manage It.
https://www.huffpost.com/entry/stacey-truman-cafeteria-worker_l_62e28e7de4b07f83766cc389,'Cafeteria Workers Do A Lot More Than People Realize',FOOD & DRINK,Many of these school employees quietly go above and beyond whats in their job description. Stacey Truman shows what that looks like.,Emily Laurence,2022/8/4,'Cafeteria Workers Do A Lot More Than People Realize'
https://www.huffpost.com/entry/dan-giusti-voices-in-food_l_62d82e4ae4b000da23faf94b,"I Cooked For The World's 1%, But I Traded It To Make School Lunches",FOOD & DRINK,"Dan Giusti is changing the way institutions like schools, prisons and senior centers think about food. Here's what he's learned so far.",Emily Laurence,2022/8/1,"I Cooked For The World's 1%, But I Traded It To Make School Lunches"
https://www.huffpost.com/entry/micro-transitons-anxiety_l_62ceed69e4b0e6251b37fe91,4 'Micro-Transitions' In Your Day That May Be Causing You Anxiety,WELLNESS,Certain points during your day can spark stress without you even realizing. Here's why and how to deal.,Alexandra Frost,2022/8/1,4 'Micro-Transitions' In Your Day That May Be Causing You Anxiety
https://www.huffpost.com/entry/china-rocket-debris-falling-back-earth_n_62e5e68fe4b09d14dc434a52,Chinese Rocket Debris Makes Out-Of-Control Fall Back To Earth,SCIENCE,Video shows people apparently spotting the rocket's burning debris in the night sky over Malaysia.,Ben Blanchet,2022/7/31,Chinese Rocket Debris Makes Out-Of-Control Fall Back To Earth
https://www.huffpost.com/entry/chris-cuomo-newsnation-host_n_62e0a01de4b081f3a9052a45,Chris Cuomo Returning To Cable News After CNN Ouster,MEDIA,The former head of his own CNN show has taken a job as a prime-time host on NewsNation.,Josephine Harvey,2022/7/27,Chris Cuomo Returning To Cable News After CNN Ouster
https://www.huffpost.com/entry/can-i-let-cat-out-heat_l_62df0934e4b000da240339c6,Should I Take My Cat Out In This Heat?,WELLNESS,Certain temperatures are too dangerous for pets. Experts share precautions and tips for how to take care of your feline friends in a heat wave.,Caroline Bologna,2022/7/27,Should I Take My Cat Out In This Heat?
https://www.huffpost.com/entry/queer-spirituality-revolution_n_62dacdc9e4b03dbb991890b6,Spirituality Has A New Face  And Its Queer As Hell,QUEER VOICES,Meet three spiritual leaders working hard for queer people to have a safe space in the religious community.,Tracey Anne Duncan,2022/7/23,Spirituality Has A New Face  And Its Queer As Hell
https://www.huffpost.com/entry/funniest-tweets-cats-dogs-july-16-22_n_62d5913fe4b092a3f6bf2772,23 Of The Funniest Tweets About Cats And Dogs This Week (July 16-22),COMEDY,"you ever bring ur pet up to a mirror and ur like that's you""",Elyse Wanshel,2022/7/22,23 Of The Funniest Tweets About Cats And Dogs This Week (July 16-22)
https://www.huffpost.com/entry/twitter-elon-musk-trial-october_n_62d7c115e4b000da23f9c7df,Twitter Lawyer Calls Elon Musk 'Committed Enemy' As Judge Sets October Trial,BUSINESS,Delaware Chancery Judge Kathaleen McCormick dealt the world's richest person a setback in ordering a speedy trial on his abandoned deal to buy Twitter.,Marita Vlachou,2022/7/20,Twitter Lawyer Calls Elon Musk 'Committed Enemy' As Judge Sets October Trial
https://www.huffpost.com/entry/arthurs-stone-excavation_n_62cd0843e4b02e0ac9186325,Ancient Tomb Linked By Legend To King Arthur To Be Excavated For First Time,SCIENCE,Experts already believe the site served as more than just a tomb.,Ed Mazza,2022/7/13,Ancient Tomb Linked By Legend To King Arthur To Be Excavated For First Time
https://www.huffpost.com/entry/james-webb-space-telescope-first-image_n_62ccdce8e4b06e3d9bb97540,Galaxy Gazing Is The New Stargazing: Cosmologists Awed By First Webb Image,SCIENCE,"""It's going to be fun, this telescope.""",Nick Visser,2022/7/12,Galaxy Gazing Is The New Stargazing: Cosmologists Awed By First Webb Image
https://www.huffpost.com/entry/girl-in-the-picture-popular-netflix-movies_l_62cc4232e4b06e3d9bb8ae44,The Most Popular Movies On Netflix Right Now Besides 'Girl In The Picture',HOME & LIVING,A new animated film and action comedy are also trending on the streaming service.,Caroline Bologna,2022/7/11,The Most Popular Movies On Netflix Right Now Besides 'Girl In The Picture'
https://www.huffpost.com/entry/orange-wine_l_62bf26ace4b014f50a31afec,Orange Wine: Everything You Need To Know And Probably Didn't,FOOD & DRINK,"No, it's not made from oranges.",Beth Krietsch,2022/7/11,Orange Wine: Everything You Need To Know And Probably Didn't
https://www.huffpost.com/entry/aap-new-breastfeeding-guidelines-two-years_l_62c5f760e4b06e3d9bb064dd,The Problem With The AAP's New Breastfeeding Guidelines,PARENTING,"The American Academy Of Pediatrics is calling for support for breastfeeding for two years or more. Some are applauding the change, but many moms feel defeated and dismayed.",Kelsey Borresen,2022/7/8,The Problem With The AAP's New Breastfeeding Guidelines
https://www.huffpost.com/entry/how-to-make-a-dirty-shirley_l_62bb173be4b080fb670ab73f,"How To Make A Dirty Shirley, The Unofficial Drink Of Summer",FOOD & DRINK,"The classic kiddie cocktail has a new lease on life with fresher, upscale ingredients  and a shot of booze.",Julie Kendrick,2022/7/8,"How To Make A Dirty Shirley, The Unofficial Drink Of Summer"
https://www.huffpost.com/entry/is-it-safe-to-swim-after-eating_l_62bf2110e4b065b10ad43bcd,Is It Safe To Swim Right After Eating? Experts Have (Mostly) Good News.,FOOD & DRINK,"We've all been told to wait 30 minutes after eating before jumping in the pool. Let's dig into this, once and for all.",Taylor Tobin,2022/7/7,Is It Safe To Swim Right After Eating? Experts Have (Mostly) Good News.
https://www.huffpost.com/entry/jello-skin-tiktok_l_62b5bc22e4b04a6173695b03,Jello Skin: The Latest TikTok Skin Care Trend And How To Achieve It,STYLE & BEAUTY,"Jell-O is bouncy, jiggly and always snaps back after the slightest movement. According to the latest TikTok trend, your skin should be the same way.",Rebecca Rovenstine,2022/7/5,Jello Skin: The Latest TikTok Skin Care Trend And How To Achieve It
https://www.huffpost.com/entry/funniest-tweets-from-women-this-week-june-4-july-1_n_62bf4f5ce4b00a9334e80462,The Funniest Tweets From Women This Week (June 25-July 1),WOMEN,"""Sending friends tweets I think they might like is the same thing as those crows that leave little gifts of bottle caps and string""",Brittany Wong,2022/7/1,The Funniest Tweets From Women This Week (June 25-July 1)
https://www.huffpost.com/entry/funniest-tweets-from-parents-june-25-july-1_l_62bf4bc1e4b0f6125726e16d,The Funniest Tweets From Parents This Week (June 25-July 1),PARENTING,"""Spend $250 on your kid playing soccer so they can tell you the only thing they enjoyed is the popsicle at the end of the game.""",Brittany Wong,2022/7/1,The Funniest Tweets From Parents This Week (June 25-July 1)
https://www.huffpost.com/entry/alex-wagner-msnbc-maddow_n_62ba89d5e4b0355d9bbb712f,MSNBC Names Rachel Maddow's Successor: Alex Wagner,MEDIA,"Im honored to be anchoring a key hour of television in such a critical time for American democracy,"" Wagner said.",Josephine Harvey,2022/6/28,MSNBC Names Rachel Maddow's Successor: Alex Wagner
https://www.huffpost.com/entry/instagram-facebook-remove-posts-offering-abortion-pills_n_62bac62fe4b080fb6709dfbe,Instagram And Facebook Remove Posts Offering Abortion Pills,TECH,"Facebook and Instagram began removing some of these posts, just as millions across the U.S. were searching for clarity around abortion access.","Amanda Seitz, AP",2022/6/28,Instagram And Facebook Remove Posts Offering Abortion Pills
https://www.huffpost.com/entry/mariah-carey-latto-2022-bet-awards-performance_n_62b913bae4b0c77098be0ee2,"Mariah Carey Brings Big, Big Energy To Latto's 2022 BET Awards Performance",BLACK VOICES,"The ""Queen of Christmas"" joined the ""Queen of Da Souf"" on stage at this year's award ceremony.",Ruth Etiesit Samuel,2022/6/27,"Mariah Carey Brings Big, Big Energy To Latto's 2022 BET Awards Performance"
https://www.huffpost.com/entry/diddy-bet-awards-lifetime-achievement_n_62b8e9b4e4b06169caa8aae6,"Diddy Honored With Lifetime Achievement, Star-Studded Tribute At 2022 BET Awards",BLACK VOICES,"The music mogul was presented the highest honor of the night with an iconic performance that included Jodeci, Mary J. Blige, Lil Kim, and more.",Taryn Finley,2022/6/27,"Diddy Honored With Lifetime Achievement, Star-Studded Tribute At 2022 BET Awards"
https://www.huffpost.com/entry/bet-awards-2022-red-carpet-best-looks_n_62b8cc6ce4b0c77098bde01d,BET Awards 2022 Red Carpet: See The Best Looks From 'Culture's Biggest Night',BLACK VOICES,"Drip or drown was the motto on the red carpet, with our favorite Black celebrities dressed to the nines.",Ruth Etiesit Samuel,2022/6/26,BET Awards 2022 Red Carpet: See The Best Looks From 'Culture's Biggest Night'
https://www.huffpost.com/entry/funniest-tweets-cats-dogs-june-18-24_n_62b5d48fe4b0c77098bb5cc6,20 Of The Funniest Tweets About Cats And Dogs This Week (June 18-24),COMEDY,"""Petition to stop ringing the doorbell on TV so my dog can lead a less confusing life""",Elyse Wanshel,2022/6/25,20 Of The Funniest Tweets About Cats And Dogs This Week (June 18-24)
https://www.huffpost.com/entry/new-movies-shows-netflix-july-2022_l_62b35d36e4b0cdccbe65feec,"New On Netflix July 2022: 'Persuasion,' 'Virgin River' And More",HOME & LIVING,The streaming service announced the movies and shows arriving soon.,Caroline Bologna,2022/6/23,"New On Netflix July 2022: 'Persuasion,' 'Virgin River' And More"
https://www.huffpost.com/entry/funniest-tweets-from-women-june-11-17_n_62abc754e4b0c77098abe3cf,The 20 Funniest Tweets From Women This Week (June 11-17),WOMEN,"""Free iced coffee today at Dunkin if you let them swipe your credit card !!!!""",Caroline Bologna,2022/6/17,The 20 Funniest Tweets From Women This Week (June 11-17)
https://www.huffpost.com/entry/how-to-treat-bug-bites-dermatologists_l_629e5e54e4b090b53b882a74,How To Treat Bug Bites The Way Dermatologists Do At Home,STYLE & BEAUTY,Here's what to order now so you'll be itch-free all summer.,Julie Kendrick,2022/6/16,How To Treat Bug Bites The Way Dermatologists Do At Home
https://www.huffpost.com/entry/seth-meyers-rudy-giuliani-diet-pepsi_n_62aa8553e4b0c77098a98864,Seth Meyers Has A Field Day With Rudy Giuliani's 'Diet Pepsi' Claim,COMEDY,"Sorry, buddy. You just gave yourself away. No ones favorite drink is Diet Pepsi, the ""Late Night"" host said.",Josephine Harvey,2022/6/16,Seth Meyers Has A Field Day With Rudy Giuliani's 'Diet Pepsi' Claim
https://www.huffpost.com/entry/blake-lemoine-lamda-sentient-artificial-intelligence-google_n_62a5613ee4b06169ca8c0a2e,Google Engineer On Leave After He Claims AI Program Has Gone Sentient,TECH,"Artificially intelligent chatbot generator LaMDA wantsto be acknowledged as an employee of Google rather than as property,"" says engineer Blake Lemoine.",Mary Papenfuss,2022/6/12,Google Engineer On Leave After He Claims AI Program Has Gone Sentient
https://www.huffpost.com/entry/funniest-tweets-cats-dogs-june-4-10_n_62a374bfe4b0c77098a025a2,25 Of The Funniest Tweets About Cats And Dogs This Week (June 4-10),COMEDY,"""i keep hearing this ad for fresh cat food that says 'your cute kitty is descended from fierce desert cats' and then i look at my cat and say 'this cat??'""",Elyse Wanshel,2022/6/10,25 Of The Funniest Tweets About Cats And Dogs This Week (June 4-10)
https://www.huffpost.com/entry/how-to-prevent-chafing-men_l_629113eae4b05cfc269a1baa,How To Prevent And Treat Summer Chafing For Men,STYLE & BEAUTY,Ditch the discomfort down there with these dermatologist-recommended tips.,Katie McPherson,2022/6/7,How To Prevent And Treat Summer Chafing For Men
https://www.huffpost.com/entry/funniest-tweets-from-women-may-28-june-3_n_6298d7d2e4b0c184bdce882b,The 20 Funniest Tweets From Women This Week (May 28-June 3),WOMEN,"""sorry i was weird last night. it was to move the plot forward""",Caroline Bologna,2022/6/3,The 20 Funniest Tweets From Women This Week (May 28-June 3)
https://www.huffpost.com/entry/the-funniest-tweets-from-women-may-21-27_n_628f152ee4b0cda85dba623b,The 20 Funniest Tweets From Women This Week (May 21-27),WOMEN,"""Ive been described as 'introverted' by dozens of men I didnt want to talk to.""",Caroline Bologna,2022/5/27,The 20 Funniest Tweets From Women This Week (May 21-27)
https://www.huffpost.com/entry/florida-student-dont-say-gay-bill-graduation-speech_n_628bec50e4b05cfc268fea57,Florida Student Finds Clever Way To Shred 'Don't Say Gay' Law In Graduation Speech,QUEER VOICES,"Zander Moricz, 18, quipped about his curly hair after he says school officials pledged to shut off his microphone if he referenced his LGBTQ advocacy work.",Curtis M. Wong,2022/5/24,Florida Student Finds Clever Way To Shred 'Don't Say Gay' Law In Graduation Speech
https://www.huffpost.com/entry/starbucks-leaves-russian-market-shuts-stores_n_628b9804e4b05cfc268f4413,"Starbucks Leaving Russian Market, Shutting 130 Stores",BUSINESS,Starbucks' move follows McDonald's exit from the Russian market last week.,"DEE-ANN DURBIN, AP",2022/5/23,"Starbucks Leaving Russian Market, Shutting 130 Stores"
https://www.huffpost.com/entry/atypical-mole-dermatologist_l_628671b0e4b0acd09d25dd8d,"If Your Mole Looks Like This, It's Time To See A Dermatologist",STYLE & BEAUTY,Experts explain the signs of melanoma to look out for on your skin.,Kelsey Borresen,2022/5/23,"If Your Mole Looks Like This, It's Time To See A Dermatologist"
https://www.huffpost.com/entry/funniest-tweets-from-women-may-7-13_n_627c289fe4b06ce0a1b1a4b9,The 20 Funniest Tweets From Women This Week (May 7-13),WOMEN,"""Did it hurt? When I told you to google it and I was right""",Caroline Bologna,2022/5/13,The 20 Funniest Tweets From Women This Week (May 7-13)
https://www.huffpost.com/entry/coinbase-crypto-slumping_n_627c5582e4b0b74b0e7ed621,Crypto Crash Leaves Trading Platform Coinbase Slumped,BUSINESS,Cryptocurrency trading platform Coinbase has lost half its value in the past week.,"Matt Ott, AP",2022/5/12,Crypto Crash Leaves Trading Platform Coinbase Slumped
https://www.huffpost.com/entry/us-april-jobs-report-2022_n_627517dfe4b009a811c295ec,"US Added 428,000 Jobs In April Despite Surging Inflation",BUSINESS,"At 3.6%, unemployment nearly reached the lowest level in half a century.","Paul Wiseman, AP",2022/5/6,"US Added 428,000 Jobs In April Despite Surging Inflation"
https://www.huffpost.com/entry/parents-schools-poll_n_626d4a61e4b01131b12379da,"Despite GOP Attacks, Parents Are Pretty Happy With Their Kids' Schools, Poll Finds",EDUCATION,"Increasing Republican attacks on the nation's schools are not reflected in how most parents view their kids' education, the poll said.",Sara Boboltz,2022/4/30,"Despite GOP Attacks, Parents Are Pretty Happy With Their Kids' Schools, Poll Finds"
https://www.huffpost.com/entry/the-call-popular-netflix-movies_l_62539132e4b06c2ea31f78c6,The Most Popular Movies On Netflix Right Now Besides 'The Call',HOME & LIVING,A new Polish crime drama and SpaceX documentary are also trending on the streaming service.,Caroline Bologna,2022/4/11,The Most Popular Movies On Netflix Right Now Besides 'The Call'
https://www.huffpost.com/entry/fox-news-benjamin-hall-recovery_n_624f9325e4b066ecde03fe0a,Fox News Reporter Feels Damn Lucky After Losing Limbs In Ukraine Attack,MEDIA,Benjamin Hall was injured after his vehicle was hit by incoming fire in Ukraine. Two of his colleagues died in the attack.,Nick Visser,2022/4/8,Fox News Reporter Feels Damn Lucky After Losing Limbs In Ukraine Attack
https://www.huffpost.com/entry/honeymoon-destinations-united-states_l_62445c87e4b0e44de9bbfb72,Lovely Honeymoon Destinations In The U.S.,TRAVEL,"Newlyweds don't have to travel too far for a relaxing, scenic vacation.",Caroline Bologna,2022/4/7,Lovely Honeymoon Destinations In The U.S.
https://www.huffpost.com/entry/meta-facebook-hate-speech-russia-putin_n_622b2436e4b0317d0a2f1f11,"Meta Grants Exemption To Hate Speech Rules, Allowing Calls For Violence Against Putin",MEDIA,The rules change applies to Facebook and Instagram users in 12 countries following Russia's invasion of Ukraine.,Marita Vlachou,2022/3/11,"Meta Grants Exemption To Hate Speech Rules, Allowing Calls For Violence Against Putin"
https://www.huffpost.com/entry/new-york-times-tech-workers-form-union_n_6220d875e4b0afed0d639ce7,New York Times Tech Workers Vote To Unionize,MEDIA,Strong opposition from the company did not stop an election win for the NewsGuild-CWA.,Dave Jamieson,2022/3/3,New York Times Tech Workers Vote To Unionize
https://www.huffpost.com/entry/how-to-make-rainy-vacations-enjoyable_l_61f2070fe4b04f9a12b881c4,How To Salvage Your Vacation If It Rains Most Of The Time,TRAVEL,Travel experts share their advice for finding the bright side of gloomy vacation weather.,Caroline Bologna,2022/2/3,How To Salvage Your Vacation If It Rains Most Of The Time
https://www.huffpost.com/entry/herbie-husker-ok-white-supremacist-change_n_61f60e59e4b02de5f51a0cf2,University Of Nebraska Changes Mascot's Hand Signal To Avoid White Supremacy Gesture,BLACK VOICES,Herbie Husker cleans up his act.,Mary Papenfuss,2022/1/30,University Of Nebraska Changes Mascot's Hand Signal To Avoid White Supremacy Gesture
https://www.huffpost.com/entry/just-go-with-it-popular-netflix-movies_l_61dbbdd6e4b0c7d8b8b18ba9,The Most Popular Movies On Netflix Right Now Besides 'Just Go With It',HOME & LIVING,Two Adam Sandler movies are trending on the streaming service.,Caroline Bologna,2022/1/10,The Most Popular Movies On Netflix Right Now Besides 'Just Go With It'
https://www.huffpost.com/entry/movies-shows-leave-netflix-january-2022_l_61bd6145e4b0d637ae81cd60,Here's What's Leaving Netflix In January 2022,HOME & LIVING,"""Episodes"" and all five films of The Twilight Saga are among the movies and shows departing the streaming platform.",Caroline Bologna,2021/12/29,Here's What's Leaving Netflix In January 2022
https://www.huffpost.com/entry/airplane-seat-etiquette_l_61b7e8c4e4b0490e9bd740a4,A Definitive Guide To Airplane Seat Etiquette,TRAVEL,"Experts explain what you should know about reclining your seat, sharing armrests and more.",Caroline Bologna,2021/12/16,A Definitive Guide To Airplane Seat Etiquette
https://www.huffpost.com/entry/georgia-guaranteed-income-pilot-black-women_n_61afbc29e4b028ce3d00418e,Hundreds Of Black Women In Georgia Will Get $850 Per Month In Guaranteed Income,BLACK VOICES,The guaranteed income pilot is set to be one of the largest such programs in the U.S.,Sarah Ruiz-Grossman,2021/12/8,Hundreds Of Black Women In Georgia Will Get $850 Per Month In Guaranteed Income
https://www.huffpost.com/entry/holiday-shopping-supply-chain_l_617177c3e4b03072d6f38d9b,Why You Should Get Your Holiday Shopping Done ASAP,MONEY,"Supply chain issues are out of your control, but there are ways to make the process easier.",Caroline Bologna,2021/10/21,Why You Should Get Your Holiday Shopping Done ASAP
https://www.huffpost.com/entry/pope-francis-tells-lawmakers-to-get-their-act-together-on-climate-change_n_6161bfd9e4b0c1ab4bb4cb6d,Pope Francis Tells Lawmakers To Get Their Act Together On Climate Change,RELIGION,"We owe this to the young, to future generations, the 84-year-old pope said.","Frances D'Emilio, AP",2021/10/9,Pope Francis Tells Lawmakers To Get Their Act Together On Climate Change
https://www.huffpost.com/entry/rudest-things-you-can-do-hotel_l_615b23dfe4b050254235fa82,The Rudest Things You Can Do At A Hotel,TRAVEL,"Etiquette experts share faux pas to avoid while staying at a hotel, especially during the pandemic.",Caroline Bologna,2021/10/7,The Rudest Things You Can Do At A Hotel
https://www.huffpost.com/entry/nyc-teachers-staff-coronavirus-vaccine-mandate_n_615af280e4b05025423568d2,"COVID Vaccine Mandate Takes Effect For NYC Teachers, Staff",EDUCATION,"Unvaccinated employees will be placed on unpaid leave and not be allowed to work this week, the city's mayor said.",,2021/10/4,"COVID Vaccine Mandate Takes Effect For NYC Teachers, Staff"
https://www.huffpost.com/entry/federal-judge-suspends-new-york-citys-vaccine-mandate-for-teachers_n_614f8354e4b001641194c55c,Federal Judge Suspends New York City's Vaccine Mandate For Teachers,EDUCATION,But the district is confident that it will prevail.,"Michael Hill, AP",2021/9/25,Federal Judge Suspends New York City's Vaccine Mandate For Teachers
https://www.huffpost.com/entry/passport-renew-wait-time-pandemic_l_61143e13e4b0c2db778c867d,Passport Wait Times Are Awful Right Now. Here's What To Do.,TRAVEL,Experts share their advice for making the passport renewal process less stressful.,Caroline Bologna,2021/8/24,Passport Wait Times Are Awful Right Now. Here's What To Do.
https://www.huffpost.com/entry/hoa-pride-flag-rainbow-lights_n_60be77c6e4b0ea8a19216afd,"HOA Told Man Not To Fly Pride Flag, So He Beat Them At Their Game",QUEER VOICES,The homeowners solution is so brilliant that a photo of it quickly went viral.,Elyse Wanshel,2021/6/7,"HOA Told Man Not To Fly Pride Flag, So He Beat Them At Their Game"
https://www.huffpost.com/entry/transgender-woman-el-salvador-murder_n_60bc0cd0e4b099fb31c8b744,Murder Of Transgender Woman Shocks El Salvador's LGBTQ Community,QUEER VOICES,"Threatened because of her gender identity, 27-year-old Zashy Zuley del Cid Vel_squez had sought safety for years. She was shot dead on April 25.",,2021/6/6,Murder Of Transgender Woman Shocks El Salvador's LGBTQ Community
https://www.huffpost.com/entry/protest-chicago-adam-toledo-police-killing_n_607a2851e4b058846f245636,Hundreds Protest Police Killing Of 13-Year-Old Adam Toledo In Chicago,LATINO VOICES,"Outraged by video showing the boy with his hands in the air when police shot him dead, protesters carried signs reading CPD, stop killing our children.",Sarah Ruiz-Grossman,2021/4/17,Hundreds Protest Police Killing Of 13-Year-Old Adam Toledo In Chicago
https://www.huffpost.com/entry/gamestop-stock-capital-gains-tax_l_601b0481c5b62bf30753cafe,Investors Who Made Money Trading GameStop Have A Big Tax Bill In Store,MONEY,"Those who recently flipped shares of GameStop, AMC or other ""meme stocks"" for a profit will have to pay up in April of 2022.",Casey Bond,2021/2/4,Investors Who Made Money Trading GameStop Have A Big Tax Bill In Store
https://www.huffpost.com/entry/el-monte-church-explosion_n_600d67c5c5b6d64153acb017,Authorities Investigate Explosion At Anti-Gay Church In California,RELIGION,"No injuries were reported following the blast at First Works Baptist Church in El Monte, according to the FBI.",,2021/1/24,Authorities Investigate Explosion At Anti-Gay Church In California
https://www.huffpost.com/entry/tax-season-delayed-date_l_600a17fec5b6fe97669ad1c8,The IRS Delayed Tax Season. Here's How To Get Your Refund On Time.,MONEY,Last-minute changes to tax laws in 2020 mean the IRS needs more time to prepare.,Casey Bond,2021/1/22,The IRS Delayed Tax Season. Here's How To Get Your Refund On Time.
https://www.huffpost.com/entry/ohio-allow-gender-changes-birth-certificate_n_5fda94adc5b6aa861e5b5617,Court Rules Ohio Must Allow Gender Changes On Birth Certificates,QUEER VOICES,The U.S. District Court for the Southern District of Ohio found the birth certificate rule imposed by the state Department of Health and the Office of Vital Statistics is unconstitutional.,"Julie Carr Smyth, AP",2020/12/16,Court Rules Ohio Must Allow Gender Changes On Birth Certificates
https://www.huffpost.com/entry/why-you-shouldnt-recycle-receipts_n_5f9b10fac5b6005b7e3e26df,Why You Shouldn't Recycle Receipts,IMPACT,CVS and other companies are shortening excessively long receipts and removing potentially harmful chemicals. That's good for the environment and your health.,Amanda Schupak,2020/10/30,Why You Shouldn't Recycle Receipts
https://www.huffpost.com/entry/hummingbird-saving-peru-forests-conservation_n_5f7f640fc5b664c95bd6ca65,How One Of The World's Rarest Hummingbirds Is Helping Save The Cloud Forests Of Peru,IMPACT,The marvelous spatuletail hummingbird inspired a culture of conservation in the Andes Mountains.,Amanda Schupak,2020/10/13,How One Of The World's Rarest Hummingbirds Is Helping Save The Cloud Forests Of Peru
https://www.huffpost.com/entry/companies-climate-pledges-what-they-mean_n_5f7b6237c5b66fab25dc3079,Companies Are Making Major Climate Pledges. Heres What They Really Mean.,IMPACT,How to decode corporate climate change targets  from net-zero emissions to going carbon negative.,Kyla Mandel,2020/10/7,Companies Are Making Major Climate Pledges. Heres What They Really Mean.
https://www.huffpost.com/entry/lisbon-airbnb-locals-rentals-plan-bring-back_n_5f0433eec5b6db5967467e96,Lisbon Says Airbnb Forced Out Locals. Heres Its Plan To Bring People Back.,IMPACT,The mayor of Portugal's capital city plans to pay apartment owners to rent to local residents at affordable prices.,Laura Paddison,2020/7/7,Lisbon Says Airbnb Forced Out Locals. Heres Its Plan To Bring People Back.
https://www.huffpost.com/entry/america-history-mutual-aid-government-neglect_n_5ef4e189c5b643f5b230f482,Behind Americas Mutual Aid Boom Lies A Long History Of Government Neglect,IMPACT,The tradition of mutual aid is as old as the country itself because social inequity is baked into the system.,Amanda Schupak,2020/7/2,Behind Americas Mutual Aid Boom Lies A Long History Of Government Neglect
https://www.huffpost.com/entry/stimulus-check-how-to-track-coronavirus-relief-payment_l_5ee90a06c5b6f5de3031c931,Where's My Stimulus Check? How To Track Your Coronavirus Relief Payment.,MONEY,"If your check was sent but you never got it, you may need to contact the IRS to trace the payment.",Casey Bond,2020/6/16,Where's My Stimulus Check? How To Track Your Coronavirus Relief Payment.
https://www.huffpost.com/entry/pay-taxes-coronavirus-stimulus-check_l_5eb590ccc5b6ed632a341585,Do You Have To Pay Taxes On Your Coronavirus Stimulus Check?,MONEY,"Getting a payment won't mean a higher tax bill for 2020, but the amount of your stimulus money could ultimately change.",Casey Bond,2020/5/8,Do You Have To Pay Taxes On Your Coronavirus Stimulus Check?
https://www.huffpost.com/entry/pope-christmas-day-message-hope-against-darkness_n_5e0354fce4b05b08babbf553,Pope's Christmas Day Message Offers Hope Against Darkness,RELIGION,"Pope Francis used his speech in St. Peter's Square to address suffering around the world, including Syria, Yemen, Lebanon, Venezuela and South Sudan.",,2019/12/25,Pope's Christmas Day Message Offers Hope Against Darkness
https://www.huffpost.com/entry/jersey-city-hasidic-jews_n_5df16939e4b0b75fb53743ab,Hasidic Jews Moved To Jersey City For A Nicer Life. They Became Targets.,RELIGION,"Satmar Jews' distinctive way of dressing is integral to practicing their faith  but at the same time, it makes them targets for anti-Semitism.","Carol Kuruvilla, Daniel Marans, and Rowaida Abdelaziz",2019/12/13,Hasidic Jews Moved To Jersey City For A Nicer Life. They Became Targets.
https://www.huffpost.com/entry/jersey-city-shooting-victims_n_5df11735e4b06a50a2e898d9,These Are The Victims Of The Jersey City Shooting,RELIGION,"Six people, including two shooters, died during a shootout in New Jersey that appears to have deeply impacted a burgeoning Hasidic Jewish community.",Carol Kuruvilla,2019/12/11,These Are The Victims Of The Jersey City Shooting
https://www.huffpost.com/entry/bob-harvey-annette-adkins-wedding_l_5daf68f3e4b0f34e3a7e1793,High School Sweethearts Marry 63 Years After They Went To Prom,WEDDINGS,"""Im giddy as can be."" Bob Harvey and Annette Adkins rekindled their high school romance decades later.",David Moye,2019/10/22,High School Sweethearts Marry 63 Years After They Went To Prom
https://www.huffpost.com/entry/stranger-things-david-harbour-just-officiated-fans-wedding_n_5b9fee6de4b04d32ebfb2518,'Stranger Things' Star David Harbour Officiates Fan's Wedding,WEDDINGS,Chief Jim Hopper is *such* a stand-up guy.,Brittany Wong,2018/9/17,'Stranger Things' Star David Harbour Officiates Fan's Wedding
https://www.huffingtonpost.com/entry/aaron-schlossberg-apology-racist-rant_us_5b046615e4b07c4ea102a619,Attorney Aaron Schlossberg Insists Anti-Spanish Rant 'Is Not The Person I Am',LATINO VOICES,"In the apology, Aaron Schlossberg claims he moved to New York because of all the diversity.",David Moye,2018/5/22,Attorney Aaron Schlossberg Insists Anti-Spanish Rant 'Is Not The Person I Am'
https://www.huffingtonpost.com/entry/fiesta-protest-for-aaron-schlossberg_us_5aff7423e4b07309e058125f,Protesters Throw A Fiesta To Razz Lawyer Who Ranted At Spanish Speakers,LATINO VOICES,"Aaron Schlossberg was treated to outrage, mariachi music and espa_ol outside his home.",Mary Papenfuss,2018/5/19,Protesters Throw A Fiesta To Razz Lawyer Who Ranted At Spanish Speakers
https://www.huffingtonpost.com/entry/starbucks-racial-slur-coffee-cup_us_5afd9fa1e4b0a59b4e018b8a,Latino Man Insulted When Starbucks Barista Writes Slur On Cup,LATINO VOICES,The coffee giant tried to apologize with a $50 gift card -- which was refused.,David Moye,2018/5/17,Latino Man Insulted When Starbucks Barista Writes Slur On Cup
https://www.huffingtonpost.com/entry/edward-suazo-angry-white-guy-speak-spanish_us_5afc6070e4b0779345d523fd,Angry White Dude's Rant About People Speaking Spanish In NYC Goes Viral,LATINO VOICES,The man tells an employee Your staff is speaking Spanish to customers when they should be speaking English.,David Moye,2018/5/16,Angry White Dude's Rant About People Speaking Spanish In NYC Goes Viral
https://www.huffingtonpost.com/entry/cornell-frats-pig-roast-gave-points-for-sex-with-heaviest-woman_us_5a7b15aee4b07af4e81ff142,Cornell Frat's 'Pig Roast' Gave Points For Sex With Heaviest Woman,COLLEGE,Zeta Beta Tau was slapped with probation.,Ron Dicker,2018/2/7,Cornell Frat's 'Pig Roast' Gave Points For Sex With Heaviest Woman
https://www.huffingtonpost.com/entry/40-tweets-life-with-4-year-olds_us_5a45ba46e4b025f99e1ab986,40 Tweets That Sum Up Life With 4-Year-Olds,PARENTS,"""Hell hath no fury like a 4yo whose apple slices are on the wrong side of the plate.""",Caroline Bologna,2018/2/6,40 Tweets That Sum Up Life With 4-Year-Olds
https://www.huffingtonpost.com/entry/these-were-the-trendiest-baby-names-in-the-late-80s_us_5a45305fe4b025f99e1a4f9e,These Were The Trendiest Baby Names In The Late '80s,PARENTS,Shout out to the Jessicas and Ambers of the world.,Caroline Bologna,2018/1/31,These Were The Trendiest Baby Names In The Late '80s
https://www.huffingtonpost.com/entry/hilarious-and-adorable-kid-quotes_us_5a034148e4b06ff32c954d14,"These Quotes From Kids Are Hilarious, Adorable And Oddly Insightful",PARENTS,"""Mommy, this song sounds a lot like the McDonna songs we were listening to.""",Caroline Bologna,2018/1/30,"These Quotes From Kids Are Hilarious, Adorable And Oddly Insightful"
https://www.huffingtonpost.com/entry/modeling-agencies-sexual-predators_us_5a395d1ce4b0c65287acc57b,"Modeling Agencies Enabled Sexual Predators For Years, Former Agent Says",ARTS & CULTURE,"In the 1980s and '90s, Carolyn Kramer said she and her colleagues knew about allegedly predatory photographers, and sent their models to them anyway.",Angelina Chapin,2018/1/29,"Modeling Agencies Enabled Sexual Predators For Years, Former Agent Says"
https://www.huffingtonpost.com/entry/star-wars-baby-names_us_5a2e98b4e4b073789f6b7074,30 'Star Wars'-Inspired Names Parents Are Giving Their Babies,PARENTS,Get ready to meet some more Kylos and Anakins.,Caroline Bologna,2018/1/26,30 'Star Wars'-Inspired Names Parents Are Giving Their Babies
https://www.huffingtonpost.com/entry/musician-baby-names_us_5a090d80e4b0e37d2f38596d,Parents Are Honoring Their Favorite Musicians With These Baby Names,PARENTS,From Wilco and Beyonce to Jagger and Bowie.,Caroline Bologna,2018/1/24,Parents Are Honoring Their Favorite Musicians With These Baby Names
https://www.huffingtonpost.com/entry/saoirse-ronan-style-evolution_us_5a592f0fe4b04f3c55a295dd,Saoirse Ronan's Stunning Style Evolution Through The Years,STYLE,"The ""Lady Bird"" star has been killing it on the red carpet these days.",Julia Brucculieri,2018/1/19,Saoirse Ronan's Stunning Style Evolution Through The Years
https://www.huffingtonpost.com/entry/mcdonalds-vows-all-green-packaging-goal_us_5a5f95bde4b054e35176b509,McDonald's Says Its Packaging Will Be 100 Percent Green By 2025,GREEN,All of its restaurants will also feature recycling bins.,Nina Golgowski,2018/1/17,McDonald's Says Its Packaging Will Be 100 Percent Green By 2025
https://www.huffingtonpost.com/entry/actor-jeff-hiller-talks-bright-colors-and-bold-patterns_us_5a5f5b08e4b01203d8097745,Actor Jeff Hiller Talks Bright Colors And Bold Patterns and More (AUDIO),ARTS & CULTURE,This week I talked with actor Jeff Hiller about the hit Off Broadway play Bright Colors And Bold Patterns that hell be joining,"Charlotte Robinson, ContributorEmmy Award Winning Broadcast Journalist",2018/1/17,Actor Jeff Hiller Talks Bright Colors And Bold Patterns and More (AUDIO)
https://www.huffingtonpost.com/entry/glossiers-newest-product-will-literally-give-you-glossy-skin_us_5a5e4795e4b0c59bc1f95325,Glossier Just Dropped Its First-Ever Solution To Acne-Prone Skin,STYLE,Consider this your solution.,Brittany Nims,2018/1/17,Glossier Just Dropped Its First-Ever Solution To Acne-Prone Skin
https://www.huffingtonpost.com/entry/photographer-bruce-weber-sexual-misconduct_us_5a5f4cf8e4b096ecfca92d9d,More Models Come Forward To Accuse Bruce Weber of Sexual Misconduct,STYLE,Some of the alleged incidents occurred more than three decades ago.,Carly Ledbetter,2018/1/17,More Models Come Forward To Accuse Bruce Weber of Sexual Misconduct
https://www.huffingtonpost.com/entry/heres-your-10-piece-winter-capsule-wardrobe-checklist_us_5a5f6aade4b0ee2ff32c8935,Here's Your 10-Piece Winter Capsule Wardrobe Checklist,STYLE,It's all about those layers.,Amanda Pena,2018/1/17,Here's Your 10-Piece Winter Capsule Wardrobe Checklist
https://www.huffingtonpost.com/entry/ice-water-restaurants-american_us_5a5683bce4b08a1f624b0f17,It's Weird That American Restaurants Serve Ice Water In Winter,TASTE,But why do we even have ice in our drinks in the first place?,Todd Van Luling,2018/1/16,It's Weird That American Restaurants Serve Ice Water In Winter
https://www.huffingtonpost.com/entry/17-valentines-day-gifts-for-him-that-arent-ridiculously-cheesy_us_5a5e0c63e4b04f3c55a60f15,18 Valentine's Day Gifts For Him That Aren't Ridiculously Cheesy,STYLE,You dont have to get him something lovey-dovey.,Amanda Pena,2018/1/16,18 Valentine's Day Gifts For Him That Aren't Ridiculously Cheesy
https://www.huffingtonpost.com/entry/pineapple-casserole-recipe_us_5a562ef6e4b0d614e48b9b98,"Pineapple Casserole, The Southern Dish That's A Paradox Of Flavors",TASTE,"It's got pineapple, cheddar and a whole lot of butter.",Kristen Aiken,2018/1/16,"Pineapple Casserole, The Southern Dish That's A Paradox Of Flavors"
https://www.huffingtonpost.com/entry/to-the-people-who-say-im-tired-when-someone-asks_us_5a5dc5a5e4b0a233482e0e64,To The People Who Say Im Tired When Someone Asks How You Are,HEALTHY LIVING,"When you feel like this, its important to know youre not alone.","The Mighty, ContributorWe face disability, disease and mental illness together.",2018/1/16,To The People Who Say Im Tired When Someone Asks How You Are
https://www.huffingtonpost.com/entry/eating-shake-shack-made-me-feel-healthier-than-dieting_us_5a58f948e4b01ccdd48b5bcc,Eating Shake Shack Made Me Feel Healthier Than Dieting Ever Did,HEALTHY LIVING,"I can vividly remember the first time I felt fear and frustration around food. I was 10 years old, I had just learned about","Colleen Werner, ContributorCampus Editor-at-Large",2018/1/12,Eating Shake Shack Made Me Feel Healthier Than Dieting Ever Did
https://www.huffingtonpost.com/entry/new-yorker-cover-trump-shithole-countries_us_5a590b51e4b04f3c55a262a7,New Yorker Cover Puts Trump 'In The Hole' After 'Racist' Comment,ARTS & CULTURE,"The president reportedly referred to groups of immigrants as coming from ""shithole countries.""",Sara Boboltz,2018/1/12,New Yorker Cover Puts Trump 'In The Hole' After 'Racist' Comment
https://www.huffingtonpost.com/entry/fourth-sealion-attack-sanfrancisco_us_5a583316e4b02cebbfda6954,Fourth San Francisco Swimmer In A Month Attacked By Sea Lion,GREEN,"The woman was not seriously injured even though animal ""chomped down,"" a witness said.",Mary Papenfuss,2018/1/12,Fourth San Francisco Swimmer In A Month Attacked By Sea Lion
https://www.huffingtonpost.com/entry/jk-rowling-trump-uk-visit-chicken_us_5a58a66fe4b02cebbfdaf435,J. K. Rowling Trolls Trump For Canceled UK Visit With Clucking Great Emoji,ARTS & CULTURE,Not a scaredy-cat.,Lee Moran,2018/1/12,J. K. Rowling Trolls Trump For Canceled UK Visit With Clucking Great Emoji
https://www.huffingtonpost.com/entry/anxiety-from-reading-the-news_us_5a577c8be4b0330eab08ab34,How To Stay Updated On The News Without Losing Your Mind,HEALTHY LIVING,Because it's only becoming more of a struggle.,Lindsay Holmes,2018/1/12,How To Stay Updated On The News Without Losing Your Mind
https://www.huffingtonpost.com/entry/california-mudslides-explained_us_5a57a7e4e4b018a4f8b6d72d,"Your Questions About The California Mudslides, Answered",GREEN,It's not just a tragic coincidence that the region is facing back-to-back disasters.,Lydia O'Connor,2018/1/12,"Your Questions About The California Mudslides, Answered"
https://www.huffingtonpost.com/entry/how-to-get-a-bartenders-attention_us_5a55372ce4b0b117f88041e3,How To Actually Get A Bartender's Attention,TASTE,Plus other things they wish you knew.,Taylor Pittman,2018/1/11,How To Actually Get A Bartender's Attention
https://www.huffingtonpost.com/entry/california-mudslide-factors_us_5a57a6bce4b068abc338c384,Why The California Mudslides Have Been So Deadly,GREEN,"Unheeded evacuation warnings, late emergency alerts and an area primed for flooding after wildfires all were factors.",Antonia Blumberg,2018/1/11,Why The California Mudslides Have Been So Deadly
https://www.huffingtonpost.com/entry/ferc-pipelines-trump_us_5a553515e4b0b117f8803d07,The Agency That Approves Pipelines Is About To Get A Trump-Era Overhaul,GREEN,"Activists have been fighting with this government entity for years. Now, it's getting revamped.",Eoin Higgins,2018/1/10,The Agency That Approves Pipelines Is About To Get A Trump-Era Overhaul
https://www.huffingtonpost.com/entry/diet-coke-makeover-twitter_us_5a5676a9e4b08a1f624afc32,Diet Coke's Millennial-Inspired Makeover Leaves People Befuddled,TASTE,"It's not like a regular soda, it's a cool soda.",Abigail Williams,2018/1/10,Diet Coke's Millennial-Inspired Makeover Leaves People Befuddled
https://www.huffingtonpost.com/entry/tweets-about-whole30_us_5a562d86e4b0b117f8814f03,27 Perfect Tweets About Whole30 That Will Make You LOL,HEALTHY LIVING,"""The only Whole30 I want to participate in is eating a whole 30 cookies.""",Lindsay Holmes,2018/1/10,27 Perfect Tweets About Whole30 That Will Make You LOL
https://www.huffingtonpost.com/entry/man-girlfriend-drawing-animation-styles_us_5a565fe5e4b08a1f624ad6ce,Man Surprises Girlfriend By Drawing Them In Different Animation Styles,ARTS & CULTURE,What a colorful Christmas gift.,Elyse Wanshel,2018/1/10,Man Surprises Girlfriend By Drawing Them In Different Animation Styles
https://www.huffingtonpost.com/entry/the-real-reason-your-hands-are-always-cold_us_5a5693fde4b088f20c395943,The Real Reason Your Hands Are Always Cold,HEALTHY LIVING,"Essentially, your hands are kept warm thanks to your body's circulatory system.","Refinery29, ContributorThe #1 new-media brand for smart, creative and stylish women e...",2018/1/10,The Real Reason Your Hands Are Always Cold
https://www.huffingtonpost.com/entry/sunions-tearless-onions_us_5a4fa3c2e4b003133ec776d5,We Tested The New 'Tearless' Onions To See If They Really Work,TASTE,"Put away your goggles, people.",Kristen Aiken,2018/1/8,We Tested The New 'Tearless' Onions To See If They Really Work
https://www.huffingtonpost.com/entry/norman-pattiz-resigns-uc-regent_us_5a45888fe4b0b0e5a7a5a9b5,"Norm Pattiz, Accused Of Sexual Harassment, To Resign As UC Regent",COLLEGE,"The media executive submitted his resignation letter, but made no mention of the allegations against him.",Carla Herreria,2017/12/29,"Norm Pattiz, Accused Of Sexual Harassment, To Resign As UC Regent"
https://www.huffingtonpost.com/entry/norman-pattiz-uc-regent-harassment_us_5a2ed463e4b078950282a560,Radio Mogul Under Pressure To Resign From Powerful California University Board,COLLEGE,Several women have accused Norman Pattiz of sexual harassment.,Matt Ferner,2017/12/11,Radio Mogul Under Pressure To Resign From Powerful California University Board
https://www.huffingtonpost.com/entry/when-ice-comes-calling-in-the-ivy-league_us_59f23575e4b06ae9067ab748,When ICE Comes Calling In The Ivy League,COLLEGE,We must resist.,"Center for Community Change Action, ContributorSocial justice organization",2017/10/26,When ICE Comes Calling In The Ivy League
https://www.huffingtonpost.com/entry/as-college-costs-rise-congress-must-save-the-perkins_us_59ea29c7e4b02c6e3c609a61,"As College Costs Rise, Congress Must Save The Perkins Student Loan",COLLEGE,"In todays highly competitive global economy, a college education has never been more important. Tragically, it has also","Rep. Terri Sewell, ContributorRep. Terri A. Sewell (D-AL) is serving her fourth term represe...",2017/10/20,"As College Costs Rise, Congress Must Save The Perkins Student Loan"
https://www.huffingtonpost.com/entry/north-korea-nuclear_us_59dfd969e4b03a7be57f5e86,It's Too Late To Stop North Korea As A Nuclear State  But Here's What We Can Do,THE WORLDPOST,The window to roll back Pyongyang's weapons programs has been closed.,"Cui Lei, ContributorResearch fellow, China Institute of International Studies",2017/10/13,It's Too Late To Stop North Korea As A Nuclear State  But Here's What We Can Do
https://www.huffingtonpost.com/entry/weekend-roundup-189_us_59cd10c3e4b03b0879cfdc08,Weekend Roundup: The Battle For Europe,THE WORLDPOST,Wary German voters and Catalan separatists are foiling the French vision of shared sovereignty.,"Nathan Gardels, ContributorEditor-in-chief, The WorldPost",2017/9/29,Weekend Roundup: The Battle For Europe
https://www.huffingtonpost.com/entry/eu-france-germany_us_59cc21e1e4b02aef6cd74ebf,The Fate Of Europe Rests On The French-German Partnership,THE WORLDPOST,Macron and Merkel must figure out a common way forward in order to combat the momentum of the far right.,"S_bastien Maillard, ContributorDirector, Jacques Delors Institute",2017/9/29,The Fate Of Europe Rests On The French-German Partnership
https://www.huffingtonpost.com/entry/macron-merkel-france-germany_us_59cbcb74e4b05063fe0e5f9b,"After Merkel's Victory, Macron Sets Sights On A New European Unity",THE WORLDPOST,Frances transformation under Macron will push the Germans to change as well.,"Sylvie Goulard, ContributorFormer French defense minister",2017/9/28,"After Merkel's Victory, Macron Sets Sights On A New European Unity"
https://www.huffingtonpost.com/entry/weekend-roundup-188_us_59c40662e4b063b25318b760,Weekend Roundup: Trump's U.N. Speech Marks The End Of Global U.S. Leadership,THE WORLDPOST,We are leaving the postwar era that saw the U.S foster the founding of the U.N. and entering what may be a prewar period of global disorder.,"Nathan Gardels, ContributorEditor-in-chief, The WorldPost",2017/9/23,Weekend Roundup: Trump's U.N. Speech Marks The End Of Global U.S. Leadership
https://www.huffingtonpost.com/entry/what-if-every-school-had-this-sign_us_58c7e725e4b0d06aa65804a2,What If Every School Had This Sign?,GOOD NEWS,The Welcome Your Neighbor signs are transformative for both those who display them and those who see them.,"Regan Manwell Sowinski, ContributorWoke Teacher, Student Advocate, Mother",2017/8/9,What If Every School Had This Sign?
https://www.huffingtonpost.com/entry/lobstermen-rescue-seal_us_596f596be4b00db3d0f49420,Tiny Seal Pup Found Tangled In Fishing Net Saved In Heartwarming Rescue,GOOD NEWS,Lobstermen for the win!,Nina Golgowski,2017/7/19,Tiny Seal Pup Found Tangled In Fishing Net Saved In Heartwarming Rescue
https://www.huffingtonpost.com/entry/asheville-police-ride-slip-and-slide_us_595db521e4b0615b9e8f108e,"North Carolina Cops Respond To Party Complaint, Ride A Giant Waterslide Instead",GOOD NEWS,These officers didn't break up the party. They joined it.,Carla Herreria,2017/7/7,"North Carolina Cops Respond To Party Complaint, Ride A Giant Waterslide Instead"
https://www.huffingtonpost.com/entry/india-billy-elliot-amir-shah_us_595b42bce4b05c37bb7fe67b,See The Slick Moves That Got India's 'Billy Elliot' Into One Of America's Top Ballet Schools,GOOD NEWS,"The son of a welder, 15-year-old Amir Shah has been learning ballet for just two years. But he's been hailed a prodigy.",Dominique Mosbergen,2017/7/4,See The Slick Moves That Got India's 'Billy Elliot' Into One Of America's Top Ballet Schools
https://www.huffingtonpost.com/entry/80th-wedding-anniversary-donald-vivian-hart_us_5958eed5e4b05c37bb7eeeb7,Secrets To A Happy Marriage From A 99-Year-Old Couple On Their 80th Wedding Anniversary,GOOD NEWS,Lovebirds Donald and Vivian Hart tied the knot in 1937.,Dominique Mosbergen,2017/7/2,Secrets To A Happy Marriage From A 99-Year-Old Couple On Their 80th Wedding Anniversary
https://www.huffingtonpost.com/entry/a-new-american-strategy-i_b_14698080.html,A New American Strategy in the Middle East,WORLDPOST,,"Raghida Dergham, ContributorColumnist and Senior Diplomatic Correspondent, Al Hayat",2017/2/12,A New American Strategy in the Middle East
https://www.huffingtonpost.com/entry/islamic-republic-of-irans_b_14697016.html,Islamic Republic of Iran's Lobbyists and Spies Are in Our Midst?,WORLDPOST,,"Dr. Majid Rafizadeh, ContributorPresident of the International American Council",2017/2/12,Islamic Republic of Iran's Lobbyists and Spies Are in Our Midst?
https://www.huffingtonpost.com/entry/brexit-northern-ireland_b_14632320.html,Brexit And Northern Ireland: Fact vs. Fiction,WORLDPOST,"Since the Brexit referendum last summer, there has been no shortage of pundits pedaling an image of a Northern Ireland on the brink of economic calamity.","Alastair Hamilton, ContributorChief Executive of Invest Northern Ireland",2017/2/11,Brexit And Northern Ireland: Fact vs. Fiction
https://www.huffingtonpost.com/entry/leave-no-person-with-disabilites_b_14631778.html,Leave No Person With Disabilities Behind,WORLDPOST,I am one of many in Bangladesh and around the world who does not have equal access to a range of basic rights and resources. The social discrimination that surrounds disability excludes me from society and has left me isolated.,"Leave No One Behind, ContributorLeave No One Behind partnership -formed to help turn the promi...",2017/2/11,Leave No Person With Disabilities Behind
https://www.huffingtonpost.com/entry/how-to-put-america-first_b_14687036.html,How to Put America First--While Engaging the Rest of the World,WORLDPOST,,"Doug Bandow, ContributorContributing writer, policy analyst",2017/2/11,How to Put America First--While Engaging the Rest of the World
https://www.huffingtonpost.com/entry/love-facebook-and-infidel_b_14629808.html,"Love, Facebook and Infidelity",FIFTY,,"Roz Warren, ContributorAuthor of OUR BODIES, OUR SHELVES: LIBRARY HUMOR",2017/2/5,"Love, Facebook and Infidelity"
https://www.huffingtonpost.com/entry/an-alert-well-hydrated-ar_b_14445160.html,"An Alert, Well-Hydrated Artist in No Acute Distress--Episode Thirty-Five: The Birth of a Book, the End of a Story",ARTS,,"Catherine Armsden, ContributorAuthor, architect, person with Parkinson's",2017/1/28,"An Alert, Well-Hydrated Artist in No Acute Distress--Episode Thirty-Five: The Birth of a Book, the End of a Story"
https://www.huffingtonpost.com/entry/stage-door-ute-lempers-so_b_14041358.html,"Stage Door: Ute Lemper's Songs From The Broken Heart, Confucius",ARTS,,"Fern Siegel, ContributorDeputy Editor, MediaPost",2017/1/8,"Stage Door: Ute Lemper's Songs From The Broken Heart, Confucius"
https://www.huffingtonpost.com/entry/boomers-were-times-man-of_b_13917734.html,"Boomers Were Time's ""Man of the Year"" Fifty Years Ago",FIFTY,,"Candy Leonard, ContributorSociologist, author of Beatleness, qualitative research consul...",2017/1/2,"Boomers Were Time's ""Man of the Year"" Fifty Years Ago"
https://www.huffingtonpost.com/entry/donna-quesada-art-review_b_13886882.html,Donna Quesada: Art Review,ARTS,,"Ira Israel, ContributorAuthor & Psychotherapist",2017/1/1,Donna Quesada: Art Review
https://www.huffingtonpost.com/entry/top-5-sizzling-hot-winter_b_13795306.html,Top 5 Sizzling Hot Winter Music Festivals in Frigid New York City,ARTS,,"ZEALnyc, Contributorarts - culture - entertainment",2016/12/28,Top 5 Sizzling Hot Winter Music Festivals in Frigid New York City
https://www.huffingtonpost.com/entry/defending-their-lives-in_b_13794796.html,Defending their lives in 'Ride the Cyclone',ARTS,,"ZEALnyc, Contributorarts - culture - entertainment",2016/12/26,Defending their lives in 'Ride the Cyclone'
https://www.huffingtonpost.com/entry/be-grateful-at-the-holida_b_13858600.html,Be Grateful At The Holidays For Sprinkles Of Happiness,FIFTY,,"Honey Good, ContributorFounder of HoneyGood.com",2016/12/26,Be Grateful At The Holidays For Sprinkles Of Happiness
https://www.huffingtonpost.com/entry/a-no-bullsht-holiday-lett_b_13850544.html,A No Bullsh-t Holiday Letter,FIFTY,,"Iris Ruth Pastor, ContributorSlice-of-life columnist, motivational speaker and pod caster, ...",2016/12/25,A No Bullsh-t Holiday Letter
https://www.huffingtonpost.com/entry/vocabulary-gives-away-age_b_13572142.html,How Our Vocabulary Gives Away Our Age,FIFTY,"We may look much younger than we really are. We may be in good health and show it. We may move briskly and upright ... but we forget that when we speak, our vocabulary, our phraseology, give away our age.","Delf_n Carbonell, ContributorPh.D. in Philology, lexicographer and author of over 35 books ...",2016/12/18,How Our Vocabulary Gives Away Our Age
https://www.huffingtonpost.comhttp://www.thegloss.com/2014/04/16/sex-and-dating/50-best-empowering-post-breakup-songs/#ixzz2zA7SNVWl,50 Empowering Songs To Help Get You Through A Bad Breakup,DIVORCE,"Breakups are a very special and pointed type of pain that throws your insides to the ground, stops on them, and then lights",,2014/4/17,50 Empowering Songs To Help Get You Through A Bad Breakup
https://www.huffingtonpost.comhttp://www.thegloss.com/2014/04/16/sex-and-dating/harlotry-sleeping-with-a-cheater/,"I'm Sleeping With A Cheater, Only Complicating My Feelings On Fidelity More",DIVORCE,Ive been a sex worker for six yearsmy entire adult lifeand much of that has been full-service work. To put it in civilian,,2014/4/17,"I'm Sleeping With A Cheater, Only Complicating My Feelings On Fidelity More"
https://www.huffingtonpost.com/entry/cute-kid-wedding_us_5b9dfd63e4b03a1dcc900465,This Wedding Guest Is The Cutest Little Thief We've Ever Seen,WEDDINGS,"We're onto you, little one. [H/T Reddit user brisbanetincture] While everyone was busy watching the bride and groom feed",Taryn Hillin,2014/4/17,This Wedding Guest Is The Cutest Little Thief We've Ever Seen
https://www.huffingtonpost.com/entry/blake-shelton-miranda-lam_us_5b9dfd49e4b03a1dcc90040b,Blake And Miranda Respond To Divorce Rumors In The Best Possible Way,DIVORCE,"Worried about the state of Blake Shelton and Miranda Lambert's marriage? We bet. Just as they've done in the past, Lambert",Brittany Wong,2014/4/17,Blake And Miranda Respond To Divorce Rumors In The Best Possible Way
https://www.huffingtonpost.com/entry/prince-george-marriage-proposal_us_5b9dfd4ae4b03a1dcc900423,Girls Are Already Lining Up To Marry Prince George (And Who Can Blame Them?),WEDDINGS,"Keep in touch! Check out HuffPost Weddings on Facebook, Twitter and Pinterest. Sign up for our newsletter here. Credit: Cameron",Kelsey Borresen,2014/4/17,Girls Are Already Lining Up To Marry Prince George (And Who Can Blame Them?)
https://www.huffingtonpost.com/entry/life-after-divorce_us_5b9dfc8fe4b03a1dcc8ff301,What 'Grey's Anatomy' Taught Me About Moving On Post-Split,DIVORCE,"If there's ever a time you need a little distraction in your life, it's during the divorce process. That's why we launched",,2014/4/17,What 'Grey's Anatomy' Taught Me About Moving On Post-Split
https://www.huffingtonpost.com/entry/how-to-revitalize-love-an_us_5b9dfd01e4b03a1dcc8ffdb7,How to Revitalize Love and Passion With Your Partner,DIVORCE,"Let's face it, when we fall in love and commit to someone, we have high hopes that we'll feel blissful and excited by him or her indefinitely. This leads to unrealistic expectations and disappointment when the passion dies down.","Terry Gaspard, Contributor
Licensed Clinical Social Worker, College Instructor, Author",2014/4/17,How to Revitalize Love and Passion With Your Partner
https://www.huffingtonpost.com/entry/last-supper-wedding-photo_us_5b9dfd01e4b03a1dcc8ffdd0,"Wedding Party Reenacts Leonardo da Vinci's 'Last Supper' Painting, Because Why Not",WEDDINGS,"""Everyone was great and went with it because they are such a fun crowd,"" DeMar wrote in an email. ""Guests were laughing and",Kelsey Borresen,2014/4/17,"Wedding Party Reenacts Leonardo da Vinci's 'Last Supper' Painting, Because Why Not"